rank_id,rank,movement,points,competitions_played,competitor_id
2-sr:competitor:49363,1,0,7350,22,sr:competitor:49363
2-sr:competitor:51836,1,0,7350,22,sr:competitor:51836
2-sr:competitor:87690,3,0,6565,22,sr:competitor:87690
2-sr:competitor:15568,4,0,6350,17,sr:competitor:15568
2-sr:competitor:16160,4,0,6350,17,sr:competitor:16160
2-sr:competitor:15310,6,3,5990,20,sr:competitor:15310
2-sr:competitor:95801,7,1,5990,22,sr:competitor:95801
2-sr:competitor:16608,8,-2,5930,24,sr:competitor:16608
2-sr:competitor:36593,9,1,5880,20,sr:competitor:36593
2-sr:competitor:52293,10,1,5790,19,sr:competitor:52293
2-sr:competitor:50954,11,-4,5680,22,sr:competitor:50954
2-sr:competitor:124658,12,0,5640,20,sr:competitor:124658
2-sr:competitor:637970,13,1,5165,31,sr:competitor:637970
2-sr:competitor:14898,14,2,5145,28,sr:competitor:14898
2-sr:competitor:16409,15,-2,5105,20,sr:competitor:16409
2-sr:competitor:15307,16,-1,5000,20,sr:competitor:15307
2-sr:competitor:16151,17,0,4025,28,sr:competitor:16151
2-sr:competitor:53785,18,0,3670,27,sr:competitor:53785
2-sr:competitor:38181,19,2,3330,24,sr:competitor:38181
2-sr:competitor:55989,20,-1,3320,34,sr:competitor:55989
2-sr:competitor:210736,20,-1,3320,34,sr:competitor:210736
2-sr:competitor:15548,22,0,3150,19,sr:competitor:15548
2-sr:competitor:59131,23,0,2940,35,sr:competitor:59131
2-sr:competitor:52202,24,0,2870,27,sr:competitor:52202
2-sr:competitor:112805,25,0,2780,25,sr:competitor:112805
2-sr:competitor:16275,26,0,2760,25,sr:competitor:16275
2-sr:competitor:47834,27,0,2710,27,sr:competitor:47834
2-sr:competitor:106349,28,1,2695,27,sr:competitor:106349
2-sr:competitor:14553,29,-1,2595,23,sr:competitor:14553
2-sr:competitor:59324,30,0,2595,26,sr:competitor:59324
2-sr:competitor:108099,31,0,2515,34,sr:competitor:108099
2-sr:competitor:206889,32,1,2450,33,sr:competitor:206889
2-sr:competitor:56629,33,1,2445,31,sr:competitor:56629
2-sr:competitor:104917,34,1,2440,27,sr:competitor:104917
2-sr:competitor:76263,35,1,2412,27,sr:competitor:76263
2-sr:competitor:106559,36,2,2335,32,sr:competitor:106559
2-sr:competitor:81059,37,0,2305,27,sr:competitor:81059
2-sr:competitor:16124,38,1,2295,26,sr:competitor:16124
2-sr:competitor:14835,39,1,2280,25,sr:competitor:14835
2-sr:competitor:74173,40,-8,2220,20,sr:competitor:74173
2-sr:competitor:114831,41,0,2152,29,sr:competitor:114831
2-sr:competitor:45105,42,1,2111,27,sr:competitor:45105
2-sr:competitor:25189,43,-1,2070,22,sr:competitor:25189
2-sr:competitor:47966,44,0,2030,27,sr:competitor:47966
2-sr:competitor:15305,45,0,1980,30,sr:competitor:15305
2-sr:competitor:78793,46,0,1948,30,sr:competitor:78793
2-sr:competitor:22967,47,1,1895,26,sr:competitor:22967
2-sr:competitor:48646,48,-1,1860,34,sr:competitor:48646
2-sr:competitor:300540,49,0,1825,11,sr:competitor:300540
2-sr:competitor:75813,50,0,1780,10,sr:competitor:75813
2-sr:competitor:15588,51,0,1770,32,sr:competitor:15588
2-sr:competitor:66864,52,0,1760,33,sr:competitor:66864
2-sr:competitor:62410,53,0,1738,33,sr:competitor:62410
2-sr:competitor:69362,54,0,1645,35,sr:competitor:69362
2-sr:competitor:230186,55,2,1600,30,sr:competitor:230186
2-sr:competitor:47295,56,2,1600,32,sr:competitor:47295
2-sr:competitor:108755,57,-2,1586,34,sr:competitor:108755
2-sr:competitor:231188,57,-2,1586,34,sr:competitor:231188
2-sr:competitor:49306,59,0,1467,32,sr:competitor:49306
2-sr:competitor:25457,60,0,1401,26,sr:competitor:25457
2-sr:competitor:104421,61,1,1360,26,sr:competitor:104421
2-sr:competitor:16198,62,-1,1355,26,sr:competitor:16198
2-sr:competitor:231090,63,1,1355,43,sr:competitor:231090
2-sr:competitor:81763,64,-1,1325,31,sr:competitor:81763
2-sr:competitor:52244,65,0,1316,32,sr:competitor:52244
2-sr:competitor:111195,66,1,1285,36,sr:competitor:111195
2-sr:competitor:203681,67,1,1270,10,sr:competitor:203681
2-sr:competitor:70348,68,1,1265,30,sr:competitor:70348
2-sr:competitor:17038,69,1,1250,30,sr:competitor:17038
2-sr:competitor:121182,70,-4,1226,24,sr:competitor:121182
2-sr:competitor:16042,71,0,1206,31,sr:competitor:16042
2-sr:competitor:918463,72,0,1182,33,sr:competitor:918463
2-sr:competitor:204781,73,1,1182,33,sr:competitor:204781
2-sr:competitor:152900,74,1,1175,29,sr:competitor:152900
2-sr:competitor:52065,75,9,1161,36,sr:competitor:52065
2-sr:competitor:127646,76,0,1149,32,sr:competitor:127646
2-sr:competitor:41475,77,-4,1140,28,sr:competitor:41475
2-sr:competitor:287215,78,-1,1140,35,sr:competitor:287215
2-sr:competitor:23899,79,-1,1118,38,sr:competitor:23899
2-sr:competitor:112969,80,1,1073,42,sr:competitor:112969
2-sr:competitor:936355,80,1,1073,42,sr:competitor:936355
2-sr:competitor:16043,82,1,1070,28,sr:competitor:16043
2-sr:competitor:223868,83,-4,1069,36,sr:competitor:223868
2-sr:competitor:76361,84,-4,1067,30,sr:competitor:76361
2-sr:competitor:47975,85,0,1015,8,sr:competitor:47975
2-sr:competitor:63438,86,0,1005,12,sr:competitor:63438
2-sr:competitor:129368,87,0,990,9,sr:competitor:129368
2-sr:competitor:52263,88,0,961,28,sr:competitor:52263
2-sr:competitor:57163,89,0,960,7,sr:competitor:57163
2-sr:competitor:1020797,90,0,958,34,sr:competitor:1020797
2-sr:competitor:77653,91,1,948,38,sr:competitor:77653
2-sr:competitor:299130,92,1,937,19,sr:competitor:299130
2-sr:competitor:73572,93,2,922,36,sr:competitor:73572
2-sr:competitor:871495,94,2,915,9,sr:competitor:871495
2-sr:competitor:16992,95,-1,907,35,sr:competitor:16992
2-sr:competitor:98413,96,-5,890,36,sr:competitor:98413
2-sr:competitor:147104,97,1,887,38,sr:competitor:147104
2-sr:competitor:60920,98,-1,883,29,sr:competitor:60920
2-sr:competitor:16492,99,0,882,36,sr:competitor:16492
2-sr:competitor:16823,100,0,880,39,sr:competitor:16823
2-sr:competitor:16854,101,0,871,33,sr:competitor:16854
2-sr:competitor:808628,102,0,855,14,sr:competitor:808628
2-sr:competitor:113221,103,0,834,27,sr:competitor:113221
2-sr:competitor:121032,104,1,816,38,sr:competitor:121032
2-sr:competitor:197678,105,-1,811,30,sr:competitor:197678
2-sr:competitor:53759,106,4,770,29,sr:competitor:53759
2-sr:competitor:50037,107,0,762,33,sr:competitor:50037
2-sr:competitor:77011,108,4,762,38,sr:competitor:77011
2-sr:competitor:102151,109,-1,760,13,sr:competitor:102151
2-sr:competitor:47760,110,-4,760,22,sr:competitor:47760
2-sr:competitor:119150,111,0,756,37,sr:competitor:119150
2-sr:competitor:145936,112,-3,740,36,sr:competitor:145936
2-sr:competitor:35766,113,0,732,19,sr:competitor:35766
2-sr:competitor:14508,114,0,730,12,sr:competitor:14508
2-sr:competitor:234124,115,0,724,32,sr:competitor:234124
2-sr:competitor:209202,116,0,722,35,sr:competitor:209202
2-sr:competitor:163480,117,0,720,15,sr:competitor:163480
2-sr:competitor:305776,118,0,710,24,sr:competitor:305776
2-sr:competitor:37637,119,1,701,35,sr:competitor:37637
2-sr:competitor:54609,119,1,701,35,sr:competitor:54609
2-sr:competitor:157396,121,-2,691,37,sr:competitor:157396
2-sr:competitor:25458,122,1,684,37,sr:competitor:25458
2-sr:competitor:90080,123,2,675,9,sr:competitor:90080
2-sr:competitor:69910,124,-2,675,36,sr:competitor:69910
2-sr:competitor:16573,125,1,669,25,sr:competitor:16573
2-sr:competitor:42151,126,-2,660,32,sr:competitor:42151
2-sr:competitor:234044,127,0,658,23,sr:competitor:234044
2-sr:competitor:46391,128,1,650,2,sr:competitor:46391
2-sr:competitor:134610,129,1,641,13,sr:competitor:134610
2-sr:competitor:296270,130,1,637,30,sr:competitor:296270
2-sr:competitor:111607,131,1,636,32,sr:competitor:111607
2-sr:competitor:838776,132,9,620,17,sr:competitor:838776
2-sr:competitor:263917,133,0,619,23,sr:competitor:263917
2-sr:competitor:146040,134,0,613,23,sr:competitor:146040
2-sr:competitor:256001,135,11,610,39,sr:competitor:256001
2-sr:competitor:44637,136,-8,609,30,sr:competitor:44637
2-sr:competitor:52951,137,-1,602,20,sr:competitor:52951
2-sr:competitor:405977,138,-1,601,17,sr:competitor:405977
2-sr:competitor:39712,139,-1,600,19,sr:competitor:39712
2-sr:competitor:243522,140,-1,599,27,sr:competitor:243522
2-sr:competitor:58877,141,-6,596,25,sr:competitor:58877
2-sr:competitor:92845,142,10,596,32,sr:competitor:92845
2-sr:competitor:122368,143,-3,590,15,sr:competitor:122368
2-sr:competitor:548169,144,1,582,25,sr:competitor:548169
2-sr:competitor:15809,145,-2,566,19,sr:competitor:15809
2-sr:competitor:78387,146,-4,564,28,sr:competitor:78387
2-sr:competitor:240880,147,17,562,28,sr:competitor:240880
2-sr:competitor:393598,148,2,561,11,sr:competitor:393598
2-sr:competitor:119140,149,-5,561,24,sr:competitor:119140
2-sr:competitor:113889,150,-1,552,35,sr:competitor:113889
2-sr:competitor:95923,151,9,540,32,sr:competitor:95923
2-sr:competitor:52260,152,-5,539,37,sr:competitor:52260
2-sr:competitor:110707,153,-5,537,32,sr:competitor:110707
2-sr:competitor:450383,154,3,532,20,sr:competitor:450383
2-sr:competitor:124708,155,11,529,26,sr:competitor:124708
2-sr:competitor:342826,156,-5,521,16,sr:competitor:342826
2-sr:competitor:98981,157,-4,521,36,sr:competitor:98981
2-sr:competitor:216502,158,-4,520,20,sr:competitor:216502
2-sr:competitor:96859,159,-4,519,32,sr:competitor:96859
2-sr:competitor:195458,160,-4,518,25,sr:competitor:195458
2-sr:competitor:145008,161,-3,514,34,sr:competitor:145008
2-sr:competitor:297502,162,-1,513,32,sr:competitor:297502
2-sr:competitor:112061,163,-4,509,37,sr:competitor:112061
2-sr:competitor:122366,164,-2,495,13,sr:competitor:122366
2-sr:competitor:15275,165,-2,492,31,sr:competitor:15275
2-sr:competitor:136042,166,-1,480,5,sr:competitor:136042
2-sr:competitor:390480,167,6,477,30,sr:competitor:390480
2-sr:competitor:218344,168,-1,472,25,sr:competitor:218344
2-sr:competitor:297448,169,1,470,32,sr:competitor:297448
2-sr:competitor:204495,170,-2,465,28,sr:competitor:204495
2-sr:competitor:43319,171,-2,460,13,sr:competitor:43319
2-sr:competitor:84301,172,-1,454,34,sr:competitor:84301
2-sr:competitor:250231,173,-1,453,17,sr:competitor:250231
2-sr:competitor:55745,174,0,449,28,sr:competitor:55745
2-sr:competitor:141882,175,6,430,22,sr:competitor:141882
2-sr:competitor:58989,176,6,430,31,sr:competitor:58989
2-sr:competitor:55293,177,6,430,33,sr:competitor:55293
2-sr:competitor:628218,178,-2,429,28,sr:competitor:628218
2-sr:competitor:64920,179,-4,427,12,sr:competitor:64920
2-sr:competitor:280601,180,28,426,24,sr:competitor:280601
2-sr:competitor:50148,181,-4,425,32,sr:competitor:50148
2-sr:competitor:72420,182,-4,422,24,sr:competitor:72420
2-sr:competitor:359602,183,-4,420,6,sr:competitor:359602
2-sr:competitor:59700,184,-4,415,22,sr:competitor:59700
2-sr:competitor:25021,185,5,414,22,sr:competitor:25021
2-sr:competitor:82579,186,11,413,24,sr:competitor:82579
2-sr:competitor:84671,187,-3,408,33,sr:competitor:84671
2-sr:competitor:380004,188,-3,406,25,sr:competitor:380004
2-sr:competitor:671637,189,-3,405,8,sr:competitor:671637
2-sr:competitor:227358,190,-3,402,14,sr:competitor:227358
2-sr:competitor:263865,191,4,399,29,sr:competitor:263865
2-sr:competitor:295508,192,29,396,16,sr:competitor:295508
2-sr:competitor:102339,193,-5,390,4,sr:competitor:102339
2-sr:competitor:155860,194,-5,387,32,sr:competitor:155860
2-sr:competitor:530317,195,9,384,15,sr:competitor:530317
2-sr:competitor:422955,196,-3,383,37,sr:competitor:422955
2-sr:competitor:221556,197,-6,382,22,sr:competitor:221556
2-sr:competitor:108767,198,-6,380,7,sr:competitor:108767
2-sr:competitor:106395,199,-5,370,30,sr:competitor:106395
2-sr:competitor:96629,200,-4,364,38,sr:competitor:96629
2-sr:competitor:193930,201,-3,362,28,sr:competitor:193930
2-sr:competitor:100069,202,-3,361,13,sr:competitor:100069
2-sr:competitor:206879,203,-3,360,8,sr:competitor:206879
2-sr:competitor:89632,204,-3,360,8,sr:competitor:89632
2-sr:competitor:257721,205,-3,360,10,sr:competitor:257721
2-sr:competitor:169496,206,-3,360,17,sr:competitor:169496
2-sr:competitor:145108,207,3,358,22,sr:competitor:145108
2-sr:competitor:396126,208,22,354,18,sr:competitor:396126
2-sr:competitor:539343,209,-3,352,13,sr:competitor:539343
2-sr:competitor:284801,210,-3,351,15,sr:competitor:284801
2-sr:competitor:161448,211,3,348,31,sr:competitor:161448
2-sr:competitor:880089,212,-1,348,35,sr:competitor:880089
2-sr:competitor:124930,213,-4,347,10,sr:competitor:124930
2-sr:competitor:121122,214,-2,339,15,sr:competitor:121122
2-sr:competitor:99043,215,-2,336,21,sr:competitor:99043
2-sr:competitor:168420,216,-1,335,16,sr:competitor:168420
2-sr:competitor:284805,217,0,331,10,sr:competitor:284805
2-sr:competitor:534043,218,0,331,17,sr:competitor:534043
2-sr:competitor:99377,219,0,320,23,sr:competitor:99377
2-sr:competitor:82133,220,0,318,14,sr:competitor:82133
2-sr:competitor:53483,221,1,318,22,sr:competitor:53483
2-sr:competitor:448357,222,1,317,8,sr:competitor:448357
2-sr:competitor:17359,223,-7,317,18,sr:competitor:17359
2-sr:competitor:48225,224,0,314,27,sr:competitor:48225
2-sr:competitor:132834,225,0,310,5,sr:competitor:132834
2-sr:competitor:289021,226,0,310,28,sr:competitor:289021
2-sr:competitor:428657,227,1,307,14,sr:competitor:428657
2-sr:competitor:96535,228,1,305,29,sr:competitor:96535
2-sr:competitor:163538,229,2,304,32,sr:competitor:163538
2-sr:competitor:163438,230,-25,303,25,sr:competitor:163438
2-sr:competitor:145112,231,2,300,7,sr:competitor:145112
2-sr:competitor:185434,232,2,300,24,sr:competitor:185434
2-sr:competitor:395828,233,2,299,34,sr:competitor:395828
2-sr:competitor:49548,234,2,296,18,sr:competitor:49548
2-sr:competitor:496346,235,3,295,7,sr:competitor:496346
2-sr:competitor:77223,236,3,295,20,sr:competitor:77223
2-sr:competitor:233144,237,37,295,27,sr:competitor:233144
2-sr:competitor:303808,238,3,293,19,sr:competitor:303808
2-sr:competitor:348308,239,3,292,31,sr:competitor:348308
2-sr:competitor:49663,240,3,291,15,sr:competitor:49663
2-sr:competitor:85877,241,-4,287,25,sr:competitor:85877
2-sr:competitor:51974,242,2,286,16,sr:competitor:51974
2-sr:competitor:77501,243,2,286,24,sr:competitor:77501
2-sr:competitor:106755,244,2,285,8,sr:competitor:106755
2-sr:competitor:55787,245,-13,284,15,sr:competitor:55787
2-sr:competitor:853643,246,1,282,30,sr:competitor:853643
2-sr:competitor:120956,247,-20,274,29,sr:competitor:120956
2-sr:competitor:79223,248,0,274,29,sr:competitor:79223
2-sr:competitor:99587,249,0,272,15,sr:competitor:99587
2-sr:competitor:352776,250,0,270,4,sr:competitor:352776
2-sr:competitor:399637,251,0,270,6,sr:competitor:399637
2-sr:competitor:125006,252,0,270,10,sr:competitor:125006
2-sr:competitor:255595,253,0,270,13,sr:competitor:255595
2-sr:competitor:552469,254,0,270,25,sr:competitor:552469
2-sr:competitor:161220,255,1,269,27,sr:competitor:161220
2-sr:competitor:310972,256,1,269,30,sr:competitor:310972
2-sr:competitor:379924,257,1,265,38,sr:competitor:379924
2-sr:competitor:51304,258,1,263,40,sr:competitor:51304
2-sr:competitor:212004,259,1,260,7,sr:competitor:212004
2-sr:competitor:40540,260,1,260,10,sr:competitor:40540
2-sr:competitor:682913,261,1,260,11,sr:competitor:682913
2-sr:competitor:145122,262,1,258,9,sr:competitor:145122
2-sr:competitor:88992,263,1,257,11,sr:competitor:88992
2-sr:competitor:686709,264,-9,257,25,sr:competitor:686709
2-sr:competitor:156664,265,0,256,9,sr:competitor:156664
2-sr:competitor:450283,266,0,256,13,sr:competitor:450283
2-sr:competitor:169492,267,0,256,23,sr:competitor:169492
2-sr:competitor:196672,268,0,252,32,sr:competitor:196672
2-sr:competitor:398360,269,1,251,23,sr:competitor:398360
2-sr:competitor:44553,270,1,250,4,sr:competitor:44553
2-sr:competitor:412829,271,-2,250,32,sr:competitor:412829
2-sr:competitor:154740,272,0,248,31,sr:competitor:154740
2-sr:competitor:67154,273,2,245,5,sr:competitor:67154
2-sr:competitor:392066,274,2,245,10,sr:competitor:392066
2-sr:competitor:161868,275,-35,244,19,sr:competitor:161868
2-sr:competitor:723013,276,17,244,24,sr:competitor:723013
2-sr:competitor:217192,277,0,244,31,sr:competitor:217192
2-sr:competitor:927343,278,-5,243,20,sr:competitor:927343
2-sr:competitor:130436,279,-1,242,13,sr:competitor:130436
2-sr:competitor:498580,280,-1,242,22,sr:competitor:498580
2-sr:competitor:94485,281,-1,241,8,sr:competitor:94485
2-sr:competitor:305558,282,-1,241,19,sr:competitor:305558
2-sr:competitor:322589,283,-1,241,30,sr:competitor:322589
2-sr:competitor:167370,284,-1,240,3,sr:competitor:167370
2-sr:competitor:104847,285,-1,240,7,sr:competitor:104847
2-sr:competitor:759900,286,-1,238,20,sr:competitor:759900
2-sr:competitor:180104,287,-1,236,17,sr:competitor:180104
2-sr:competitor:126622,288,13,235,28,sr:competitor:126622
2-sr:competitor:308834,289,-2,235,32,sr:competitor:308834
2-sr:competitor:49417,290,-2,233,13,sr:competitor:49417
2-sr:competitor:170964,291,-2,233,23,sr:competitor:170964
2-sr:competitor:154490,292,-2,231,28,sr:competitor:154490
2-sr:competitor:93597,293,-2,229,12,sr:competitor:93597
2-sr:competitor:38180,294,0,227,16,sr:competitor:38180
2-sr:competitor:121248,295,0,226,26,sr:competitor:121248
2-sr:competitor:57703,296,0,225,2,sr:competitor:57703
2-sr:competitor:15931,297,0,225,7,sr:competitor:15931
2-sr:competitor:51141,298,0,225,10,sr:competitor:51141
2-sr:competitor:154570,299,-7,225,26,sr:competitor:154570
2-sr:competitor:50360,300,-1,223,17,sr:competitor:50360
2-sr:competitor:126402,301,-1,223,26,sr:competitor:126402
2-sr:competitor:645442,302,0,223,28,sr:competitor:645442
2-sr:competitor:103625,303,0,222,26,sr:competitor:103625
2-sr:competitor:774476,304,1,220,15,sr:competitor:774476
2-sr:competitor:226124,305,1,217,8,sr:competitor:226124
2-sr:competitor:52276,306,1,217,15,sr:competitor:52276
2-sr:competitor:682911,307,1,216,10,sr:competitor:682911
2-sr:competitor:220588,308,1,216,14,sr:competitor:220588
2-sr:competitor:205767,309,2,214,17,sr:competitor:205767
2-sr:competitor:251091,310,2,214,17,sr:competitor:251091
2-sr:competitor:645452,311,2,214,19,sr:competitor:645452
2-sr:competitor:767058,312,2,212,33,sr:competitor:767058
2-sr:competitor:113905,313,2,211,9,sr:competitor:113905
2-sr:competitor:731833,314,2,211,24,sr:competitor:731833
2-sr:competitor:163540,315,2,207,18,sr:competitor:163540
2-sr:competitor:603098,316,-12,205,4,sr:competitor:603098
2-sr:competitor:126356,317,1,205,11,sr:competitor:126356
2-sr:competitor:312436,318,1,205,22,sr:competitor:312436
2-sr:competitor:452787,319,1,205,28,sr:competitor:452787
2-sr:competitor:437734,320,1,202,25,sr:competitor:437734
2-sr:competitor:223788,321,2,201,38,sr:competitor:223788
2-sr:competitor:458575,322,0,199,33,sr:competitor:458575
2-sr:competitor:22962,323,-13,198,15,sr:competitor:22962
2-sr:competitor:614090,324,0,198,20,sr:competitor:614090
2-sr:competitor:130442,325,0,198,27,sr:competitor:130442
2-sr:competitor:124934,326,0,198,35,sr:competitor:124934
2-sr:competitor:17046,327,0,194,26,sr:competitor:17046
2-sr:competitor:387066,328,135,193,9,sr:competitor:387066
2-sr:competitor:60614,329,-1,193,24,sr:competitor:60614
2-sr:competitor:381022,330,13,192,27,sr:competitor:381022
2-sr:competitor:132558,331,-2,191,10,sr:competitor:132558
2-sr:competitor:207777,332,-2,189,27,sr:competitor:207777
2-sr:competitor:681071,333,-1,188,29,sr:competitor:681071
2-sr:competitor:286367,334,-3,187,12,sr:competitor:286367
2-sr:competitor:452691,335,31,185,23,sr:competitor:452691
2-sr:competitor:118166,336,-3,184,21,sr:competitor:118166
2-sr:competitor:244388,337,-3,184,23,sr:competitor:244388
2-sr:competitor:121668,338,-3,183,7,sr:competitor:121668
2-sr:competitor:429603,339,-3,180,2,sr:competitor:429603
2-sr:competitor:163504,340,-3,180,3,sr:competitor:163504
2-sr:competitor:225050,341,-3,180,4,sr:competitor:225050
2-sr:competitor:83397,342,-3,180,9,sr:competitor:83397
2-sr:competitor:116616,343,-3,180,24,sr:competitor:116616
2-sr:competitor:202735,344,-3,180,31,sr:competitor:202735
2-sr:competitor:655845,345,-3,178,11,sr:competitor:655845
2-sr:competitor:671229,346,-2,177,10,sr:competitor:671229
2-sr:competitor:138712,347,-1,177,20,sr:competitor:138712
2-sr:competitor:193912,348,-1,177,23,sr:competitor:193912
2-sr:competitor:407791,349,-1,177,27,sr:competitor:407791
2-sr:competitor:65576,350,-1,176,18,sr:competitor:65576
2-sr:competitor:855911,351,-1,176,21,sr:competitor:855911
2-sr:competitor:90798,352,-1,175,4,sr:competitor:90798
2-sr:competitor:58369,353,-1,175,6,sr:competitor:58369
2-sr:competitor:111609,354,-1,175,19,sr:competitor:111609
2-sr:competitor:679701,355,-1,173,10,sr:competitor:679701
2-sr:competitor:263857,356,-11,173,13,sr:competitor:263857
2-sr:competitor:280559,357,-1,173,27,sr:competitor:280559
2-sr:competitor:220590,358,-3,173,28,sr:competitor:220590
2-sr:competitor:505542,359,-2,172,14,sr:competitor:505542
2-sr:competitor:51100,360,-2,172,20,sr:competitor:51100
2-sr:competitor:54903,361,-2,172,22,sr:competitor:54903
2-sr:competitor:309954,362,-2,171,5,sr:competitor:309954
2-sr:competitor:750283,363,-2,171,19,sr:competitor:750283
2-sr:competitor:16852,364,-2,171,33,sr:competitor:16852
2-sr:competitor:48281,365,17,170,20,sr:competitor:48281
2-sr:competitor:385204,366,3,170,23,sr:competitor:385204
2-sr:competitor:739643,367,-4,170,27,sr:competitor:739643
2-sr:competitor:947875,368,-4,169,8,sr:competitor:947875
2-sr:competitor:437794,369,-4,169,18,sr:competitor:437794
2-sr:competitor:240264,370,-3,163,14,sr:competitor:240264
2-sr:competitor:564952,371,45,163,15,sr:competitor:564952
2-sr:competitor:497320,372,-4,162,21,sr:competitor:497320
2-sr:competitor:214824,373,-3,161,14,sr:competitor:214824
2-sr:competitor:215696,374,-3,161,21,sr:competitor:215696
2-sr:competitor:194668,375,-2,159,19,sr:competitor:194668
2-sr:competitor:973963,376,-4,159,21,sr:competitor:973963
2-sr:competitor:95939,377,-3,159,22,sr:competitor:95939
2-sr:competitor:79227,378,-3,158,9,sr:competitor:79227
2-sr:competitor:43761,379,-3,158,14,sr:competitor:43761
2-sr:competitor:182086,380,-2,158,25,sr:competitor:182086
2-sr:competitor:976405,381,-4,156,17,sr:competitor:976405
2-sr:competitor:215492,382,-2,156,20,sr:competitor:215492
2-sr:competitor:620338,383,-2,155,19,sr:competitor:620338
2-sr:competitor:76251,384,20,153,23,sr:competitor:76251
2-sr:competitor:240876,385,-2,152,8,sr:competitor:240876
2-sr:competitor:156826,386,-2,152,30,sr:competitor:156826
2-sr:competitor:57021,387,-2,151,7,sr:competitor:57021
2-sr:competitor:298118,388,-2,151,18,sr:competitor:298118
2-sr:competitor:64790,389,-2,151,23,sr:competitor:64790
2-sr:competitor:208123,390,-2,151,33,sr:competitor:208123
2-sr:competitor:763108,391,-2,150,1,sr:competitor:763108
2-sr:competitor:339377,392,-2,150,4,sr:competitor:339377
2-sr:competitor:294300,393,-2,150,5,sr:competitor:294300
2-sr:competitor:185388,394,-2,150,6,sr:competitor:185388
2-sr:competitor:287543,395,-2,150,22,sr:competitor:287543
2-sr:competitor:435758,396,1,150,23,sr:competitor:435758
2-sr:competitor:565070,397,34,149,6,sr:competitor:565070
2-sr:competitor:785974,398,-4,149,19,sr:competitor:785974
2-sr:competitor:272245,399,-4,148,25,sr:competitor:272245
2-sr:competitor:205773,400,-4,147,12,sr:competitor:205773
2-sr:competitor:229024,401,-3,147,28,sr:competitor:229024
2-sr:competitor:93589,402,-3,146,17,sr:competitor:93589
2-sr:competitor:63606,403,-3,145,9,sr:competitor:63606
2-sr:competitor:65606,404,-3,145,11,sr:competitor:65606
2-sr:competitor:644676,405,-3,145,15,sr:competitor:644676
2-sr:competitor:138528,406,-3,145,19,sr:competitor:138528
2-sr:competitor:359608,407,-2,144,15,sr:competitor:359608
2-sr:competitor:16781,408,-2,144,15,sr:competitor:16781
2-sr:competitor:321667,409,-2,143,10,sr:competitor:321667
2-sr:competitor:50901,410,-2,143,15,sr:competitor:50901
2-sr:competitor:307112,411,-2,141,6,sr:competitor:307112
2-sr:competitor:439474,412,-2,141,18,sr:competitor:439474
2-sr:competitor:873679,413,-2,141,19,sr:competitor:873679
2-sr:competitor:405969,414,-2,140,4,sr:competitor:405969
2-sr:competitor:63642,415,-2,139,11,sr:competitor:63642
2-sr:competitor:833418,416,-2,139,18,sr:competitor:833418
2-sr:competitor:57759,417,-2,139,23,sr:competitor:57759
2-sr:competitor:215778,418,-1,136,14,sr:competitor:215778
2-sr:competitor:202681,419,-1,136,21,sr:competitor:202681
2-sr:competitor:119126,420,-1,136,26,sr:competitor:119126
2-sr:competitor:163636,421,-1,135,1,sr:competitor:163636
2-sr:competitor:39726,422,-1,135,2,sr:competitor:39726
2-sr:competitor:119248,423,-1,135,7,sr:competitor:119248
2-sr:competitor:161262,424,-1,135,9,sr:competitor:161262
2-sr:competitor:54573,425,-2,135,10,sr:competitor:54573
2-sr:competitor:144102,426,-1,135,11,sr:competitor:144102
2-sr:competitor:345060,427,-1,135,13,sr:competitor:345060
2-sr:competitor:447733,428,33,135,17,sr:competitor:447733
2-sr:competitor:951223,429,-2,135,20,sr:competitor:951223
2-sr:competitor:242556,430,-1,134,12,sr:competitor:242556
2-sr:competitor:524256,431,-1,134,20,sr:competitor:524256
2-sr:competitor:418163,432,0,133,30,sr:competitor:418163
2-sr:competitor:210502,433,0,131,13,sr:competitor:210502
2-sr:competitor:96239,434,0,131,20,sr:competitor:96239
2-sr:competitor:210592,435,0,129,11,sr:competitor:210592
2-sr:competitor:54975,436,0,129,16,sr:competitor:54975
2-sr:competitor:177686,437,0,128,9,sr:competitor:177686
2-sr:competitor:186629,438,0,128,17,sr:competitor:186629
2-sr:competitor:282183,439,1,128,18,sr:competitor:282183
2-sr:competitor:104967,440,1,127,7,sr:competitor:104967
2-sr:competitor:58783,441,1,127,12,sr:competitor:58783
2-sr:competitor:213170,442,1,126,5,sr:competitor:213170
2-sr:competitor:15743,443,1,126,15,sr:competitor:15743
2-sr:competitor:180446,444,1,126,16,sr:competitor:180446
2-sr:competitor:301896,445,1,126,22,sr:competitor:301896
2-sr:competitor:65992,446,-18,126,25,sr:competitor:65992
2-sr:competitor:60592,447,0,125,11,sr:competitor:60592
2-sr:competitor:111837,448,0,125,12,sr:competitor:111837
2-sr:competitor:152898,449,0,125,22,sr:competitor:152898
2-sr:competitor:373348,450,0,124,11,sr:competitor:373348
2-sr:competitor:114885,451,0,124,14,sr:competitor:114885
2-sr:competitor:252233,452,0,124,15,sr:competitor:252233
2-sr:competitor:137890,453,0,124,22,sr:competitor:137890
2-sr:competitor:283965,454,73,123,6,sr:competitor:283965
2-sr:competitor:317355,455,74,123,12,sr:competitor:317355
2-sr:competitor:978579,456,-2,123,19,sr:competitor:978579
2-sr:competitor:71280,457,-2,122,4,sr:competitor:71280
2-sr:competitor:287541,458,-2,121,10,sr:competitor:287541
2-sr:competitor:684577,459,-2,121,16,sr:competitor:684577
2-sr:competitor:938667,460,-1,120,10,sr:competitor:938667
2-sr:competitor:682903,461,88,120,12,sr:competitor:682903
2-sr:competitor:165234,462,-2,120,20,sr:competitor:165234
2-sr:competitor:256375,463,-1,119,19,sr:competitor:256375
2-sr:competitor:570833,464,0,118,12,sr:competitor:570833
2-sr:competitor:501410,465,0,118,21,sr:competitor:501410
2-sr:competitor:246745,466,0,118,28,sr:competitor:246745
2-sr:competitor:759758,467,0,118,50,sr:competitor:759758
2-sr:competitor:56361,468,0,117,12,sr:competitor:56361
2-sr:competitor:130438,469,0,117,12,sr:competitor:130438
2-sr:competitor:57327,470,0,117,15,sr:competitor:57327
2-sr:competitor:100317,471,0,117,25,sr:competitor:100317
2-sr:competitor:404753,472,0,117,29,sr:competitor:404753
2-sr:competitor:997473,473,1,115,2,sr:competitor:997473
2-sr:competitor:107625,474,1,115,13,sr:competitor:107625
2-sr:competitor:686911,475,1,113,14,sr:competitor:686911
2-sr:competitor:283759,476,-18,113,17,sr:competitor:283759
2-sr:competitor:217038,477,0,113,17,sr:competitor:217038
2-sr:competitor:322729,478,0,113,26,sr:competitor:322729
2-sr:competitor:220932,479,0,112,15,sr:competitor:220932
2-sr:competitor:92667,480,2,112,17,sr:competitor:92667
2-sr:competitor:403357,481,-1,112,17,sr:competitor:403357
2-sr:competitor:418167,482,-1,112,18,sr:competitor:418167
2-sr:competitor:199196,483,-44,111,16,sr:competitor:199196
2-sr:competitor:990785,484,1,111,17,sr:competitor:990785
2-sr:competitor:327067,485,1,111,21,sr:competitor:327067
2-sr:competitor:124656,486,2,110,8,sr:competitor:124656
2-sr:competitor:112987,487,2,110,12,sr:competitor:112987
2-sr:competitor:269535,488,2,109,14,sr:competitor:269535
2-sr:competitor:161874,489,2,109,16,sr:competitor:161874
2-sr:competitor:867575,490,2,109,20,sr:competitor:867575
2-sr:competitor:269523,491,-18,108,15,sr:competitor:269523
2-sr:competitor:181384,492,1,108,23,sr:competitor:181384
2-sr:competitor:113859,493,1,107,8,sr:competitor:113859
2-sr:competitor:378220,494,-115,107,10,sr:competitor:378220
2-sr:competitor:268725,495,0,107,14,sr:competitor:268725
2-sr:competitor:609146,496,0,107,15,sr:competitor:609146
2-sr:competitor:120958,497,0,107,20,sr:competitor:120958
2-sr:competitor:373852,498,0,106,8,sr:competitor:373852
2-sr:competitor:801374,499,0,106,11,sr:competitor:801374
2-sr:competitor:294248,500,0,106,16,sr:competitor:294248
2-sr:competitor:72376,1,0,9530,17,sr:competitor:72376
2-sr:competitor:74949,2,0,8165,22,sr:competitor:74949
2-sr:competitor:43860,3,0,6805,16,sr:competitor:43860
2-sr:competitor:41520,4,1,5785,20,sr:competitor:41520
2-sr:competitor:51387,5,-1,5618,14,sr:competitor:51387
2-sr:competitor:18936,6,0,5506,18,sr:competitor:18936
2-sr:competitor:78551,7,1,5430,16,sr:competitor:78551
2-sr:competitor:64496,8,-1,5360,15,sr:competitor:64496
2-sr:competitor:19202,9,0,5306,18,sr:competitor:19202
2-sr:competitor:69208,10,0,5235,16,sr:competitor:69208
2-sr:competitor:64021,11,0,4858,23,sr:competitor:64021
2-sr:competitor:46084,12,0,4670,27,sr:competitor:46084
2-sr:competitor:119670,13,0,4560,27,sr:competitor:119670
2-sr:competitor:123824,14,0,4483,18,sr:competitor:123824
2-sr:competitor:19932,15,0,4348,23,sr:competitor:19932
2-sr:competitor:48625,16,0,4120,26,sr:competitor:48625
2-sr:competitor:66968,17,0,4120,19,sr:competitor:66968
2-sr:competitor:47810,18,0,3913,30,sr:competitor:47810
2-sr:competitor:37508,19,1,3810,15,sr:competitor:37508
2-sr:competitor:18354,20,-1,3683,23,sr:competitor:18354
2-sr:competitor:99131,21,0,3613,24,sr:competitor:99131
2-sr:competitor:69718,22,1,3596,32,sr:competitor:69718
2-sr:competitor:91960,23,-1,3565,18,sr:competitor:91960
2-sr:competitor:373352,24,1,3521,7,sr:competitor:373352
2-sr:competitor:50537,25,-1,3428,21,sr:competitor:50537
2-sr:competitor:19607,26,1,3142,28,sr:competitor:19607
2-sr:competitor:96075,27,1,3025,17,sr:competitor:96075
2-sr:competitor:24431,28,3,2974,29,sr:competitor:24431
2-sr:competitor:33593,29,-3,2920,13,sr:competitor:33593
2-sr:competitor:153652,30,6,2651,26,sr:competitor:153652
2-sr:competitor:45835,31,-1,2635,5,sr:competitor:45835
2-sr:competitor:60398,32,-3,2532,10,sr:competitor:60398
2-sr:competitor:289507,33,-1,2486,14,sr:competitor:289507
2-sr:competitor:19655,34,0,2460,23,sr:competitor:19655
2-sr:competitor:51481,35,0,2340,27,sr:competitor:51481
2-sr:competitor:588071,36,1,2231,14,sr:competitor:588071
2-sr:competitor:150122,37,4,2214,26,sr:competitor:150122
2-sr:competitor:66432,38,0,2213,30,sr:competitor:66432
2-sr:competitor:47801,39,0,2209,28,sr:competitor:47801
2-sr:competitor:166124,40,-7,2204,29,sr:competitor:166124
2-sr:competitor:129714,41,-1,2172,27,sr:competitor:129714
2-sr:competitor:182178,42,7,2112,35,sr:competitor:182178
2-sr:competitor:142996,43,-1,2080,29,sr:competitor:142996
2-sr:competitor:70784,44,-1,2052,32,sr:competitor:70784
2-sr:competitor:19974,45,2,2031,29,sr:competitor:19974
2-sr:competitor:43547,46,-1,1984,29,sr:competitor:43547
2-sr:competitor:138452,47,-1,1980,13,sr:competitor:138452
2-sr:competitor:44834,48,2,1965,10,sr:competitor:44834
2-sr:competitor:49682,49,-5,1964,26,sr:competitor:49682
2-sr:competitor:60392,50,-2,1936,11,sr:competitor:60392
2-sr:competitor:871583,51,0,1829,11,sr:competitor:871583
2-sr:competitor:105463,52,0,1782,18,sr:competitor:105463
2-sr:competitor:43102,53,3,1731,22,sr:competitor:43102
2-sr:competitor:60668,54,-1,1726,33,sr:competitor:60668
2-sr:competitor:272217,55,-1,1677,17,sr:competitor:272217
2-sr:competitor:61606,56,1,1602,30,sr:competitor:61606
2-sr:competitor:103901,57,1,1504,10,sr:competitor:103901
2-sr:competitor:157672,58,7,1493,20,sr:competitor:157672
2-sr:competitor:128584,59,0,1484,11,sr:competitor:128584
2-sr:competitor:59702,60,-5,1471,11,sr:competitor:59702
2-sr:competitor:278887,61,0,1401,6,sr:competitor:278887
2-sr:competitor:67759,62,0,1398,15,sr:competitor:67759
2-sr:competitor:19731,63,1,1397,28,sr:competitor:19731
2-sr:competitor:41524,64,-4,1394,17,sr:competitor:41524
2-sr:competitor:53789,65,-2,1382,15,sr:competitor:53789
2-sr:competitor:23158,66,0,1351,16,sr:competitor:23158
2-sr:competitor:401055,67,0,1350,13,sr:competitor:401055
2-sr:competitor:135854,68,0,1329,14,sr:competitor:135854
2-sr:competitor:47697,69,0,1312,11,sr:competitor:47697
2-sr:competitor:549759,70,4,1307,14,sr:competitor:549759
2-sr:competitor:37504,71,-1,1297,32,sr:competitor:37504
2-sr:competitor:41877,72,-1,1244,14,sr:competitor:41877
2-sr:competitor:42289,73,2,1225,15,sr:competitor:42289
2-sr:competitor:52695,74,-2,1189,31,sr:competitor:52695
2-sr:competitor:256547,75,1,1102,17,sr:competitor:256547
2-sr:competitor:215476,76,1,1064,31,sr:competitor:215476
2-sr:competitor:194106,77,1,1064,29,sr:competitor:194106
2-sr:competitor:69602,78,1,1061,33,sr:competitor:69602
2-sr:competitor:252223,79,1,1059,12,sr:competitor:252223
2-sr:competitor:52025,80,1,1044,12,sr:competitor:52025
2-sr:competitor:44977,81,1,1035,31,sr:competitor:44977
2-sr:competitor:71754,82,1,1027,32,sr:competitor:71754
2-sr:competitor:41404,83,1,1017,14,sr:competitor:41404
2-sr:competitor:150574,84,1,1010,18,sr:competitor:150574
2-sr:competitor:18298,85,1,992,10,sr:competitor:18298
2-sr:competitor:73542,86,1,975,27,sr:competitor:73542
2-sr:competitor:234150,87,1,970,14,sr:competitor:234150
2-sr:competitor:42492,88,1,961,16,sr:competitor:42492
2-sr:competitor:48451,89,1,954,27,sr:competitor:48451
2-sr:competitor:54175,90,1,939,33,sr:competitor:54175
2-sr:competitor:42339,91,-18,905,5,sr:competitor:42339
2-sr:competitor:182054,92,0,904,30,sr:competitor:182054
2-sr:competitor:168526,93,0,888,34,sr:competitor:168526
2-sr:competitor:262759,94,0,879,14,sr:competitor:262759
2-sr:competitor:173748,95,0,849,27,sr:competitor:173748
2-sr:competitor:179146,96,0,845,6,sr:competitor:179146
2-sr:competitor:192130,97,7,829,13,sr:competitor:192130
2-sr:competitor:51651,98,0,819,32,sr:competitor:51651
2-sr:competitor:92879,99,0,807,17,sr:competitor:92879
2-sr:competitor:228418,100,0,800,3,sr:competitor:228418
2-sr:competitor:19546,101,0,780,5,sr:competitor:19546
2-sr:competitor:88310,102,0,776,8,sr:competitor:88310
2-sr:competitor:90664,103,0,776,9,sr:competitor:90664
2-sr:competitor:45827,104,2,774,29,sr:competitor:45827
2-sr:competitor:227486,105,2,772,22,sr:competitor:227486
2-sr:competitor:121760,106,2,770,35,sr:competitor:121760
2-sr:competitor:210558,107,3,758,19,sr:competitor:210558
2-sr:competitor:45545,108,3,755,8,sr:competitor:45545
2-sr:competitor:51943,109,3,736,31,sr:competitor:51943
2-sr:competitor:49907,110,-13,734,30,sr:competitor:49907
2-sr:competitor:286435,111,-6,722,10,sr:competitor:286435
2-sr:competitor:335171,112,1,721,17,sr:competitor:335171
2-sr:competitor:53288,113,1,698,27,sr:competitor:53288
2-sr:competitor:161270,114,1,697,22,sr:competitor:161270
2-sr:competitor:360038,115,1,696,9,sr:competitor:360038
2-sr:competitor:453301,116,1,696,18,sr:competitor:453301
2-sr:competitor:378340,117,1,694,26,sr:competitor:378340
2-sr:competitor:67430,118,1,684,23,sr:competitor:67430
2-sr:competitor:418583,119,1,677,34,sr:competitor:418583
2-sr:competitor:318195,120,1,672,8,sr:competitor:318195
2-sr:competitor:19847,121,1,672,23,sr:competitor:19847
2-sr:competitor:52489,122,1,672,18,sr:competitor:52489
2-sr:competitor:118096,123,1,661,22,sr:competitor:118096
2-sr:competitor:45902,124,-15,660,4,sr:competitor:45902
2-sr:competitor:72450,125,0,659,14,sr:competitor:72450
2-sr:competitor:50915,126,0,656,24,sr:competitor:50915
2-sr:competitor:215598,127,1,646,20,sr:competitor:215598
2-sr:competitor:143140,128,1,645,31,sr:competitor:143140
2-sr:competitor:628178,129,1,634,33,sr:competitor:628178
2-sr:competitor:303814,130,1,632,18,sr:competitor:303814
2-sr:competitor:373354,131,1,616,6,sr:competitor:373354
2-sr:competitor:235260,132,-5,614,12,sr:competitor:235260
2-sr:competitor:867519,133,0,613,17,sr:competitor:867519
2-sr:competitor:473609,134,0,603,19,sr:competitor:473609
2-sr:competitor:87090,135,3,603,27,sr:competitor:87090
2-sr:competitor:256447,136,-1,602,24,sr:competitor:256447
2-sr:competitor:771430,137,-1,600,14,sr:competitor:771430
2-sr:competitor:369524,138,-1,591,20,sr:competitor:369524
2-sr:competitor:98607,139,0,582,26,sr:competitor:98607
2-sr:competitor:147506,140,0,581,16,sr:competitor:147506
2-sr:competitor:64085,141,0,569,10,sr:competitor:64085
2-sr:competitor:297588,142,0,565,13,sr:competitor:297588
2-sr:competitor:226306,143,0,553,20,sr:competitor:226306
2-sr:competitor:448121,144,0,553,32,sr:competitor:448121
2-sr:competitor:133662,145,0,552,5,sr:competitor:133662
2-sr:competitor:61526,146,0,552,28,sr:competitor:61526
2-sr:competitor:345070,147,0,548,9,sr:competitor:345070
2-sr:competitor:319455,148,0,541,14,sr:competitor:319455
2-sr:competitor:108621,149,0,541,17,sr:competitor:108621
2-sr:competitor:91916,150,0,540,31,sr:competitor:91916
2-sr:competitor:46428,151,0,534,26,sr:competitor:46428
2-sr:competitor:152804,152,1,532,6,sr:competitor:152804
2-sr:competitor:799304,153,-1,532,21,sr:competitor:799304
2-sr:competitor:227390,154,0,523,12,sr:competitor:227390
2-sr:competitor:208125,155,0,520,22,sr:competitor:208125
2-sr:competitor:189384,156,0,518,26,sr:competitor:189384
2-sr:competitor:71284,157,0,517,16,sr:competitor:71284
2-sr:competitor:46528,158,0,517,34,sr:competitor:46528
2-sr:competitor:92877,159,0,506,25,sr:competitor:92877
2-sr:competitor:111189,160,0,505,17,sr:competitor:111189
2-sr:competitor:235252,161,0,500,23,sr:competitor:235252
2-sr:competitor:170880,162,0,495,24,sr:competitor:170880
2-sr:competitor:143146,163,0,489,30,sr:competitor:143146
2-sr:competitor:260987,164,0,487,26,sr:competitor:260987
2-sr:competitor:190882,165,0,481,18,sr:competitor:190882
2-sr:competitor:82609,166,0,478,19,sr:competitor:82609
2-sr:competitor:137932,167,0,475,22,sr:competitor:137932
2-sr:competitor:325837,168,0,474,46,sr:competitor:325837
2-sr:competitor:102637,169,0,472,24,sr:competitor:102637
2-sr:competitor:99429,170,0,468,26,sr:competitor:99429
2-sr:competitor:65610,171,0,467,29,sr:competitor:65610
2-sr:competitor:568715,172,0,463,21,sr:competitor:568715
2-sr:competitor:215806,173,0,463,27,sr:competitor:215806
2-sr:competitor:88494,174,0,460,33,sr:competitor:88494
2-sr:competitor:119216,175,0,456,20,sr:competitor:119216
2-sr:competitor:67757,176,0,455,4,sr:competitor:67757
2-sr:competitor:120666,177,0,452,12,sr:competitor:120666
2-sr:competitor:195408,178,0,452,25,sr:competitor:195408
2-sr:competitor:569013,179,0,451,5,sr:competitor:569013
2-sr:competitor:87834,180,1,442,14,sr:competitor:87834
2-sr:competitor:245673,181,1,442,26,sr:competitor:245673
2-sr:competitor:41359,182,-2,441,36,sr:competitor:41359
2-sr:competitor:805538,183,0,437,29,sr:competitor:805538
2-sr:competitor:26120,184,0,431,13,sr:competitor:26120
2-sr:competitor:250285,185,0,430,19,sr:competitor:250285
2-sr:competitor:310984,186,0,429,27,sr:competitor:310984
2-sr:competitor:110299,187,0,426,9,sr:competitor:110299
2-sr:competitor:608348,188,0,422,7,sr:competitor:608348
2-sr:competitor:206995,189,0,422,20,sr:competitor:206995
2-sr:competitor:119410,190,0,420,22,sr:competitor:119410
2-sr:competitor:52533,191,0,419,17,sr:competitor:52533
2-sr:competitor:148276,192,35,411,23,sr:competitor:148276
2-sr:competitor:70728,193,21,410,18,sr:competitor:70728
2-sr:competitor:448081,194,-2,404,12,sr:competitor:448081
2-sr:competitor:160190,195,-2,403,11,sr:competitor:160190
2-sr:competitor:45139,196,-2,403,21,sr:competitor:45139
2-sr:competitor:64315,197,4,401,25,sr:competitor:64315
2-sr:competitor:119874,198,-2,401,21,sr:competitor:119874
2-sr:competitor:52183,199,-2,399,13,sr:competitor:52183
2-sr:competitor:662615,200,-2,399,11,sr:competitor:662615
2-sr:competitor:97031,201,-2,399,27,sr:competitor:97031
2-sr:competitor:789688,202,-2,396,11,sr:competitor:789688
2-sr:competitor:73500,203,-1,396,19,sr:competitor:73500
2-sr:competitor:183957,204,-1,394,18,sr:competitor:183957
2-sr:competitor:378144,205,0,392,24,sr:competitor:378144
2-sr:competitor:49118,206,-11,390,11,sr:competitor:49118
2-sr:competitor:93657,207,-1,388,21,sr:competitor:93657
2-sr:competitor:156040,208,-1,387,19,sr:competitor:156040
2-sr:competitor:210670,208,-1,387,19,sr:competitor:210670
2-sr:competitor:244216,210,-6,385,26,sr:competitor:244216
2-sr:competitor:676251,211,-1,384,21,sr:competitor:676251
2-sr:competitor:59762,212,-1,382,35,sr:competitor:59762
2-sr:competitor:242630,213,-1,381,8,sr:competitor:242630
2-sr:competitor:776340,214,19,375,20,sr:competitor:776340
2-sr:competitor:80427,215,-2,375,31,sr:competitor:80427
2-sr:competitor:137990,216,-1,369,21,sr:competitor:137990
2-sr:competitor:72758,217,-1,368,5,sr:competitor:72758
2-sr:competitor:414533,218,-1,367,21,sr:competitor:414533
2-sr:competitor:416473,219,-1,367,15,sr:competitor:416473
2-sr:competitor:192108,220,-1,365,5,sr:competitor:192108
2-sr:competitor:99405,221,-1,365,7,sr:competitor:99405
2-sr:competitor:203893,222,-1,361,20,sr:competitor:203893
2-sr:competitor:762762,223,-1,360,13,sr:competitor:762762
2-sr:competitor:46625,224,-1,357,28,sr:competitor:46625
2-sr:competitor:505998,225,-1,352,19,sr:competitor:505998
2-sr:competitor:904005,226,-1,351,21,sr:competitor:904005
2-sr:competitor:499098,227,-1,347,21,sr:competitor:499098
2-sr:competitor:45584,228,0,343,6,sr:competitor:45584
2-sr:competitor:675189,229,0,342,7,sr:competitor:675189
2-sr:competitor:23688,230,0,342,19,sr:competitor:23688
2-sr:competitor:385206,231,0,338,19,sr:competitor:385206
2-sr:competitor:105099,232,-23,331,11,sr:competitor:105099
2-sr:competitor:79443,233,1,330,21,sr:competitor:79443
2-sr:competitor:141892,234,1,329,9,sr:competitor:141892
2-sr:competitor:763112,235,1,326,19,sr:competitor:763112
2-sr:competitor:55401,236,1,325,4,sr:competitor:55401
2-sr:competitor:41737,237,66,324,9,sr:competitor:41737
2-sr:competitor:43527,238,-6,323,13,sr:competitor:43527
2-sr:competitor:283489,239,-1,320,20,sr:competitor:283489
2-sr:competitor:282597,240,-1,318,20,sr:competitor:282597
2-sr:competitor:192572,241,-1,318,17,sr:competitor:192572
2-sr:competitor:181062,242,-1,317,25,sr:competitor:181062
2-sr:competitor:222546,243,-1,317,19,sr:competitor:222546
2-sr:competitor:136372,244,-1,316,22,sr:competitor:136372
2-sr:competitor:59213,245,-1,315,27,sr:competitor:59213
2-sr:competitor:868599,246,-1,314,16,sr:competitor:868599
2-sr:competitor:353358,247,-1,314,22,sr:competitor:353358
2-sr:competitor:731441,248,-1,314,25,sr:competitor:731441
2-sr:competitor:448613,249,-1,309,17,sr:competitor:448613
2-sr:competitor:60028,250,-1,308,22,sr:competitor:60028
2-sr:competitor:801396,251,-1,303,22,sr:competitor:801396
2-sr:competitor:50655,252,-1,301,5,sr:competitor:50655
2-sr:competitor:47985,253,-1,301,33,sr:competitor:47985
2-sr:competitor:341216,254,-1,299,10,sr:competitor:341216
2-sr:competitor:194690,255,-1,297,14,sr:competitor:194690
2-sr:competitor:172590,256,-1,297,5,sr:competitor:172590
2-sr:competitor:233478,257,-1,297,33,sr:competitor:233478
2-sr:competitor:23082,258,-1,294,4,sr:competitor:23082
2-sr:competitor:152106,259,-1,294,18,sr:competitor:152106
2-sr:competitor:807358,260,0,292,24,sr:competitor:807358
2-sr:competitor:70822,261,0,292,22,sr:competitor:70822
2-sr:competitor:343066,262,0,291,18,sr:competitor:343066
2-sr:competitor:366114,263,0,290,5,sr:competitor:366114
2-sr:competitor:87078,264,0,289,10,sr:competitor:87078
2-sr:competitor:627278,265,0,286,10,sr:competitor:627278
2-sr:competitor:409673,266,0,286,29,sr:competitor:409673
2-sr:competitor:110055,267,0,281,11,sr:competitor:110055
2-sr:competitor:132412,268,0,279,17,sr:competitor:132412
2-sr:competitor:496316,269,0,279,20,sr:competitor:496316
2-sr:competitor:202363,270,0,278,8,sr:competitor:202363
2-sr:competitor:567285,271,0,278,20,sr:competitor:567285
2-sr:competitor:86894,272,0,278,21,sr:competitor:86894
2-sr:competitor:355958,273,0,274,17,sr:competitor:355958
2-sr:competitor:845268,274,0,272,4,sr:competitor:845268
2-sr:competitor:194572,275,0,271,14,sr:competitor:194572
2-sr:competitor:45915,276,0,270,3,sr:competitor:45915
2-sr:competitor:62924,277,0,270,4,sr:competitor:62924
2-sr:competitor:46650,278,0,270,23,sr:competitor:46650
2-sr:competitor:67194,278,0,270,23,sr:competitor:67194
2-sr:competitor:233266,280,0,270,25,sr:competitor:233266
2-sr:competitor:292540,281,0,268,15,sr:competitor:292540
2-sr:competitor:75825,282,0,267,4,sr:competitor:75825
2-sr:competitor:104929,283,0,267,19,sr:competitor:104929
2-sr:competitor:69988,284,0,265,8,sr:competitor:69988
2-sr:competitor:755469,285,0,265,8,sr:competitor:755469
2-sr:competitor:673491,286,0,265,18,sr:competitor:673491
2-sr:competitor:343294,287,0,264,18,sr:competitor:343294
2-sr:competitor:290994,289,0,263,24,sr:competitor:290994
2-sr:competitor:122668,290,0,262,23,sr:competitor:122668
2-sr:competitor:534045,291,67,261,9,sr:competitor:534045
2-sr:competitor:812502,292,-1,261,10,sr:competitor:812502
2-sr:competitor:265553,293,-34,261,19,sr:competitor:265553
2-sr:competitor:51315,294,-2,258,17,sr:competitor:51315
2-sr:competitor:198498,295,-2,258,17,sr:competitor:198498
2-sr:competitor:115507,296,-2,256,7,sr:competitor:115507
2-sr:competitor:142942,297,-2,256,15,sr:competitor:142942
2-sr:competitor:870981,298,-2,256,24,sr:competitor:870981
2-sr:competitor:278943,299,-2,255,14,sr:competitor:278943
2-sr:competitor:517274,300,-2,254,12,sr:competitor:517274
2-sr:competitor:202795,301,-2,253,20,sr:competitor:202795
2-sr:competitor:63220,302,-2,251,12,sr:competitor:63220
2-sr:competitor:395740,303,-2,251,23,sr:competitor:395740
2-sr:competitor:242602,304,-2,250,1,sr:competitor:242602
2-sr:competitor:48486,305,-1,248,12,sr:competitor:48486
2-sr:competitor:337813,306,-1,246,10,sr:competitor:337813
2-sr:competitor:315663,307,-1,242,32,sr:competitor:315663
2-sr:competitor:510530,308,-1,242,17,sr:competitor:510530
2-sr:competitor:447703,309,-1,242,25,sr:competitor:447703
2-sr:competitor:54397,310,-1,241,11,sr:competitor:54397
2-sr:competitor:165866,311,-1,240,9,sr:competitor:165866
2-sr:competitor:45900,312,-1,238,12,sr:competitor:45900
2-sr:competitor:226092,313,-1,238,13,sr:competitor:226092
2-sr:competitor:234398,314,49,237,12,sr:competitor:234398
2-sr:competitor:225130,315,-2,236,5,sr:competitor:225130
2-sr:competitor:145930,316,-2,236,14,sr:competitor:145930
2-sr:competitor:319349,317,-2,235,9,sr:competitor:319349
2-sr:competitor:106341,318,-2,232,12,sr:competitor:106341
2-sr:competitor:46273,319,-2,232,16,sr:competitor:46273
2-sr:competitor:51477,320,-2,231,7,sr:competitor:51477
2-sr:competitor:120664,321,-2,229,13,sr:competitor:120664
2-sr:competitor:445209,322,-2,229,18,sr:competitor:445209
2-sr:competitor:129534,323,-2,228,15,sr:competitor:129534
2-sr:competitor:154806,324,-2,228,25,sr:competitor:154806
2-sr:competitor:285629,325,-2,227,16,sr:competitor:285629
2-sr:competitor:138654,326,-2,227,17,sr:competitor:138654
2-sr:competitor:153860,327,-2,225,4,sr:competitor:153860
2-sr:competitor:70970,328,-2,225,23,sr:competitor:70970
2-sr:competitor:209716,329,-2,224,19,sr:competitor:209716
2-sr:competitor:37638,330,-2,224,22,sr:competitor:37638
2-sr:competitor:61922,331,-2,223,21,sr:competitor:61922
2-sr:competitor:63238,332,-2,223,24,sr:competitor:63238
2-sr:competitor:49963,333,-2,222,14,sr:competitor:49963
2-sr:competitor:337811,334,-2,221,13,sr:competitor:337811
2-sr:competitor:217036,335,-2,221,17,sr:competitor:217036
2-sr:competitor:223862,336,-2,220,16,sr:competitor:223862
2-sr:competitor:213140,337,-2,220,14,sr:competitor:213140
2-sr:competitor:282057,338,-2,220,21,sr:competitor:282057
2-sr:competitor:345134,339,-2,220,21,sr:competitor:345134
2-sr:competitor:137962,340,-2,219,7,sr:competitor:137962
2-sr:competitor:132988,341,-2,219,18,sr:competitor:132988
2-sr:competitor:936009,342,-2,219,16,sr:competitor:936009
2-sr:competitor:25822,343,-2,219,22,sr:competitor:25822
2-sr:competitor:810694,344,24,219,25,sr:competitor:810694
2-sr:competitor:153744,345,-3,218,27,sr:competitor:153744
2-sr:competitor:513582,346,-3,218,18,sr:competitor:513582
2-sr:competitor:731427,347,-3,216,15,sr:competitor:731427
2-sr:competitor:467037,348,-3,215,11,sr:competitor:467037
2-sr:competitor:896765,349,-3,215,11,sr:competitor:896765
2-sr:competitor:280989,350,-3,215,19,sr:competitor:280989
2-sr:competitor:289093,351,-3,215,22,sr:competitor:289093
2-sr:competitor:213144,352,-3,215,26,sr:competitor:213144
2-sr:competitor:849533,353,-3,214,20,sr:competitor:849533
2-sr:competitor:406199,354,-3,211,11,sr:competitor:406199
2-sr:competitor:190870,355,-3,211,13,sr:competitor:190870
2-sr:competitor:105063,356,-3,209,11,sr:competitor:105063
2-sr:competitor:1020177,357,-3,209,12,sr:competitor:1020177
2-sr:competitor:47876,358,-3,209,24,sr:competitor:47876
2-sr:competitor:254553,359,-3,208,19,sr:competitor:254553
2-sr:competitor:210716,360,-3,207,6,sr:competitor:210716
2-sr:competitor:329009,361,-2,204,12,sr:competitor:329009
2-sr:competitor:588449,362,-2,204,12,sr:competitor:588449
2-sr:competitor:341112,363,-2,202,2,sr:competitor:341112
2-sr:competitor:403329,364,-2,202,11,sr:competitor:403329
2-sr:competitor:813490,365,-1,202,14,sr:competitor:813490
2-sr:competitor:586739,366,-1,201,9,sr:competitor:586739
2-sr:competitor:906635,367,-1,199,15,sr:competitor:906635
2-sr:competitor:624838,368,1,192,16,sr:competitor:624838
2-sr:competitor:745799,369,1,192,19,sr:competitor:745799
2-sr:competitor:496378,370,1,191,12,sr:competitor:496378
2-sr:competitor:54983,371,1,191,24,sr:competitor:54983
2-sr:competitor:99775,372,1,191,28,sr:competitor:99775
2-sr:competitor:280635,373,1,189,14,sr:competitor:280635
2-sr:competitor:330689,374,28,189,19,sr:competitor:330689
2-sr:competitor:59662,375,0,188,32,sr:competitor:59662
2-sr:competitor:182056,376,0,187,20,sr:competitor:182056
2-sr:competitor:499484,377,0,186,5,sr:competitor:499484
2-sr:competitor:119496,378,0,186,19,sr:competitor:119496
2-sr:competitor:42864,379,0,186,18,sr:competitor:42864
2-sr:competitor:843378,380,0,186,12,sr:competitor:843378
2-sr:competitor:750329,381,0,185,24,sr:competitor:750329
2-sr:competitor:42459,382,0,184,2,sr:competitor:42459
2-sr:competitor:164852,383,1,183,15,sr:competitor:164852
2-sr:competitor:750327,384,1,183,13,sr:competitor:750327
2-sr:competitor:110803,385,-2,182,7,sr:competitor:110803
2-sr:competitor:158636,386,0,182,25,sr:competitor:158636
2-sr:competitor:245295,387,0,181,5,sr:competitor:245295
2-sr:competitor:283483,388,0,181,18,sr:competitor:283483
2-sr:competitor:565020,389,-22,180,20,sr:competitor:565020
2-sr:competitor:20158,390,1,179,26,sr:competitor:20158
2-sr:competitor:41355,391,-2,178,5,sr:competitor:41355
2-sr:competitor:436690,392,38,178,15,sr:competitor:436690
2-sr:competitor:152762,393,-1,177,22,sr:competitor:152762
2-sr:competitor:960043,394,-1,176,11,sr:competitor:960043
2-sr:competitor:435794,395,-1,175,22,sr:competitor:435794
2-sr:competitor:348196,396,0,174,16,sr:competitor:348196
2-sr:competitor:728549,397,1,172,5,sr:competitor:728549
2-sr:competitor:741607,398,1,172,21,sr:competitor:741607
2-sr:competitor:66516,399,1,172,23,sr:competitor:66516
2-sr:competitor:48455,400,1,171,4,sr:competitor:48455
2-sr:competitor:202623,401,2,170,9,sr:competitor:202623
2-sr:competitor:1020859,402,2,170,18,sr:competitor:1020859
2-sr:competitor:299258,403,2,168,16,sr:competitor:299258
2-sr:competitor:206957,404,-9,168,23,sr:competitor:206957
2-sr:competitor:196664,405,1,166,13,sr:competitor:196664
2-sr:competitor:72634,406,1,166,23,sr:competitor:72634
2-sr:competitor:341238,407,1,166,33,sr:competitor:341238
2-sr:competitor:18588,408,1,165,3,sr:competitor:18588
2-sr:competitor:720625,409,1,165,9,sr:competitor:720625
2-sr:competitor:47948,410,2,162,5,sr:competitor:47948
2-sr:competitor:43196,411,2,162,13,sr:competitor:43196
2-sr:competitor:264117,412,-1,162,6,sr:competitor:264117
2-sr:competitor:40994,413,1,161,5,sr:competitor:40994
2-sr:competitor:41374,414,1,161,9,sr:competitor:41374
2-sr:competitor:78785,415,1,160,29,sr:competitor:78785
2-sr:competitor:782216,416,1,160,20,sr:competitor:782216
2-sr:competitor:261583,417,2,159,7,sr:competitor:261583
2-sr:competitor:80723,418,2,159,28,sr:competitor:80723
2-sr:competitor:153748,419,2,159,8,sr:competitor:153748
2-sr:competitor:98523,420,2,159,10,sr:competitor:98523
2-sr:competitor:389048,421,2,159,18,sr:competitor:389048
2-sr:competitor:19876,422,-4,158,4,sr:competitor:19876
2-sr:competitor:171354,423,1,158,26,sr:competitor:171354
2-sr:competitor:201105,424,1,158,29,sr:competitor:201105
2-sr:competitor:52388,425,1,157,12,sr:competitor:52388
2-sr:competitor:64606,426,1,157,14,sr:competitor:64606
2-sr:competitor:655811,427,1,156,12,sr:competitor:655811
2-sr:competitor:827440,428,1,156,19,sr:competitor:827440
2-sr:competitor:282219,429,2,155,12,sr:competitor:282219
2-sr:competitor:677411,430,2,155,15,sr:competitor:677411
2-sr:competitor:134532,431,2,153,6,sr:competitor:134532
2-sr:competitor:873729,432,2,153,22,sr:competitor:873729
2-sr:competitor:34486,433,2,152,5,sr:competitor:34486
2-sr:competitor:49358,434,3,152,6,sr:competitor:49358
2-sr:competitor:98105,435,3,152,21,sr:competitor:98105
2-sr:competitor:58423,436,3,151,13,sr:competitor:58423
2-sr:competitor:78431,437,3,151,18,sr:competitor:78431
2-sr:competitor:119664,438,3,151,12,sr:competitor:119664
2-sr:competitor:842594,439,3,151,13,sr:competitor:842594
2-sr:competitor:569009,440,3,150,22,sr:competitor:569009
2-sr:competitor:221510,441,3,150,14,sr:competitor:221510
2-sr:competitor:58053,442,4,149,9,sr:competitor:58053
2-sr:competitor:185412,443,4,148,27,sr:competitor:185412
2-sr:competitor:766176,444,1,148,19,sr:competitor:766176
2-sr:competitor:133080,445,5,147,16,sr:competitor:133080
2-sr:competitor:315623,446,-10,147,19,sr:competitor:315623
2-sr:competitor:153736,447,4,147,4,sr:competitor:153736
2-sr:competitor:511932,448,4,147,19,sr:competitor:511932
2-sr:competitor:535801,449,4,146,5,sr:competitor:535801
2-sr:competitor:103375,450,4,146,9,sr:competitor:103375
2-sr:competitor:831262,451,4,145,21,sr:competitor:831262
2-sr:competitor:371556,452,4,145,21,sr:competitor:371556
2-sr:competitor:517296,453,4,144,6,sr:competitor:517296
2-sr:competitor:262023,454,4,144,14,sr:competitor:262023
2-sr:competitor:54171,455,4,144,7,sr:competitor:54171
2-sr:competitor:246945,456,4,143,18,sr:competitor:246945
2-sr:competitor:171026,457,4,143,23,sr:competitor:171026
2-sr:competitor:1027517,458,4,142,12,sr:competitor:1027517
2-sr:competitor:838900,459,4,142,14,sr:competitor:838900
2-sr:competitor:341196,460,4,142,17,sr:competitor:341196
2-sr:competitor:19704,461,4,141,3,sr:competitor:19704
2-sr:competitor:380368,462,5,141,19,sr:competitor:380368
2-sr:competitor:124804,463,5,140,2,sr:competitor:124804
2-sr:competitor:88290,464,5,140,16,sr:competitor:88290
2-sr:competitor:522848,465,5,140,19,sr:competitor:522848
2-sr:competitor:230108,466,5,139,15,sr:competitor:230108
2-sr:competitor:522258,467,5,138,17,sr:competitor:522258
2-sr:competitor:880229,468,5,138,9,sr:competitor:880229
2-sr:competitor:583869,469,5,138,14,sr:competitor:583869
2-sr:competitor:130624,470,5,138,15,sr:competitor:130624
2-sr:competitor:310982,471,-22,137,15,sr:competitor:310982
2-sr:competitor:111149,472,4,137,23,sr:competitor:111149
2-sr:competitor:595220,473,4,136,3,sr:competitor:595220
2-sr:competitor:158690,474,4,136,11,sr:competitor:158690
2-sr:competitor:476218,475,4,136,16,sr:competitor:476218
2-sr:competitor:779706,476,4,135,6,sr:competitor:779706
2-sr:competitor:739667,477,4,135,13,sr:competitor:739667
2-sr:competitor:342788,478,4,135,10,sr:competitor:342788
2-sr:competitor:265743,479,5,133,22,sr:competitor:265743
2-sr:competitor:46661,480,5,132,8,sr:competitor:46661
2-sr:competitor:380396,481,5,131,9,sr:competitor:380396
2-sr:competitor:915371,482,5,131,13,sr:competitor:915371
2-sr:competitor:329535,483,5,130,6,sr:competitor:329535
2-sr:competitor:784280,484,5,130,11,sr:competitor:784280
2-sr:competitor:858867,485,28,130,14,sr:competitor:858867
2-sr:competitor:751899,486,4,130,16,sr:competitor:751899
2-sr:competitor:96981,487,4,130,20,sr:competitor:96981
2-sr:competitor:46651,488,4,129,4,sr:competitor:46651
2-sr:competitor:675193,489,4,129,14,sr:competitor:675193
2-sr:competitor:827398,490,4,129,15,sr:competitor:827398
2-sr:competitor:343160,491,4,128,4,sr:competitor:343160
2-sr:competitor:686597,492,4,128,9,sr:competitor:686597
2-sr:competitor:833330,493,4,128,10,sr:competitor:833330
2-sr:competitor:447759,494,4,127,20,sr:competitor:447759
2-sr:competitor:291008,495,-12,127,22,sr:competitor:291008
2-sr:competitor:39425,497,3,126,4,sr:competitor:39425
2-sr:competitor:69964,498,3,126,26,sr:competitor:69964
2-sr:competitor:18350,499,3,126,9,sr:competitor:18350
2-sr:competitor:60276,500,-110,125,6,sr:competitor:60276
2-sr:competitor:107327,501,2,125,9,sr:competitor:107327
2-sr:competitor:759784,502,2,125,11,sr:competitor:759784
